{"autoplayTransitionDelay":5,"author":"","timestamp":"2019-15-3 13:12:6","loopSlideshow":0,"filename":"Breast cancer diagnosis and prognosis via logistic programming","autoplayBuildDelay":2,"comment":"","title":"Breast cancer diagnosis and prognosis via logistic programming","showMode":0,"creator":"Apple Keynote 9.2.1","slideList":["8103E326-472F-4DC6-88C5-61D259B81E8C","482DAFD1-14B5-40F2-B90A-7964C921DB94","66BA6D63-BFA4-416E-AEDB-DB7A6CEB974F","4B5DC621-DDF4-4A7D-BF25-A23318BF2341","2DEE326B-CCA9-4DB9-A6F7-53495219C78B","C2B6D8A0-23A1-4D5B-AA9A-546892E034CB","840BE077-0655-4FB8-A1FD-1E4166BFFCFA","5045F9AA-1279-4368-A353-A203E8D830A7","1C007239-6474-49F4-BBBA-4C8D16F40E19","074C2564-C9FD-4074-AB68-E29339BF6246","A3B9B0F6-FF7A-480B-B879-B8789C1EDD61","6CCFD4E7-60AA-450B-8B93-575D3DDD47DB","885243FF-B671-4264-B409-3B2541F7ECEA","3A5FF152-257D-4C2F-A1DE-15CD61D4138D","FEB950D7-53DA-40B1-89F0-898FA1763842","2B8D9551-F956-4FBC-A09A-5F2C616E049F","4532608D-00AD-4058-B9FF-F53514CED455","DD50B848-E61C-4408-8444-25CB746162FD","2FDD7074-1A43-4B1B-AE52-4C456A36D206","E2DF1A49-B28B-4B17-BD04-ED0141359C5A","C719CEAA-2414-47B6-860D-4BB60F05ECE3","6FFC4C19-B189-417B-BEC1-2B35AB90064F","9B169615-97C2-4D9A-98E3-7855BD307276","41DFD1FC-A442-4BDC-983E-B72EE041BB23","481CAEF0-A969-45F6-AAE0-5C5BF9E5A7A2","9A016481-BAE3-4FA4-87B2-8C14732339CA","DE6AB002-44EE-480D-85C9-2D01547C38D8","B57DC612-99AE-4BFA-9200-04B2BFD17D9F","65D57C87-474E-4AEB-8822-F1231D272963","1EFF5993-F581-4F1A-AD9A-E307F41016FA"],"soundtrack":{"mode":0,"volume":1},"slideWidth":720,"slideHeight":405,"slideCount":30,"majorVersion":1,"minorVersion":2,"fonts":["HelveticaNeue-Bold","HelveticaNeue-Light","Helvetica-Bold","HelveticaNeue-Italic","Helvetica","ArialMT","Futura-Medium","Futura-Bold","HelveticaNeue-Medium","HelveticaNeue-Thin","HelveticaNeue","Arial-BoldMT","Futura-CondensedMedium"]}