{"assets":{"7ABC8AE019976075881C76CAE97044AE":{"type":"texture","index":0,"assetRequest":{"type":"slide","state":"contents","slide":"none"},"url":{"native":"assets\/1C007239-6474-49F4-BBBA-4C8D16F40E19.pdf"},"width":720,"height":405},"642310261B5E3AC800852D20B7D8E956":{"type":"texture","index":1,"assetRequest":{"type":"slide","state":"contents","slide":"none"},"url":{"native":"assets\/1C007239-6474-49F4-BBBA-4C8D16F40E19.pdf"},"width":720,"height":405}},"events":[{"effects":[{"beginTime":0,"baseLayer":{"animations":[],"initialState":{"affineTransform":[1,0,0,1,0,0],"masksToBounds":false,"rotation":0,"scale":1,"position":{"pointX":360,"pointY":202.5},"width":720,"sublayerTransform":[1,0,0,0,0,1,0,0,0,0,1,0,0,0,0,1],"contentsRect":{"y":0,"x":0,"width":1,"height":1},"opacity":1,"edgeAntialiasingMask":251658240,"height":405,"hidden":false,"anchorPoint":{"pointX":0.5,"pointY":0.5}},"objectID":"0","layers":[{"animations":[],"initialState":{"affineTransform":[1,0,0,1,0,0],"masksToBounds":false,"rotation":0,"scale":1,"position":{"pointX":360,"pointY":202.5},"width":720,"sublayerTransform":[1,0,0,0,0,1,0,0,0,0,1,-0.00093354433244735948,0,0,0,1],"contentsRect":{"y":0,"x":0,"width":1,"height":1},"opacity":1,"edgeAntialiasingMask":251658240,"height":405,"hidden":false,"anchorPoint":{"pointX":0.5,"pointY":0.5}},"layers":[{"animations":[],"layers":[],"texturedRectangle":{"isBackgroundTexture":false,"singleTextureOpacity":1,"textureType":0,"textBaseline":0,"textXHeight":0,"isVerticalText":false},"initialState":{"affineTransform":[1,0,0,1,0,0],"masksToBounds":false,"rotation":0,"scale":1,"position":{"pointX":360,"pointY":202.5},"width":720,"sublayerTransform":[1,0,0,0,0,1,0,0,0,0,1,0,0,0,0,1],"contentsRect":{"y":0,"x":0,"width":1,"height":1},"opacity":1,"edgeAntialiasingMask":0,"height":405,"hidden":false,"anchorPoint":{"pointX":0.5,"pointY":0.5}},"texture":"642310261B5E3AC800852D20B7D8E956"},{"animations":[{"timeOffset":0,"from":{"scalar":false},"beginTime":0,"repeatCount":0,"fillMode":"both","property":"hidden","autoreverses":false,"duration":0.01,"to":{"scalar":true}}],"layers":[],"texturedRectangle":{"isBackgroundTexture":false,"singleTextureOpacity":1,"textureType":0,"textBaseline":0,"textXHeight":0,"isVerticalText":false},"initialState":{"affineTransform":[1,0,0,1,0,0],"masksToBounds":false,"rotation":0,"scale":1,"position":{"pointX":360,"pointY":202.5},"width":720,"sublayerTransform":[1,0,0,0,0,1,0,0,0,0,1,0,0,0,0,1],"contentsRect":{"y":0,"x":0,"width":1,"height":1},"opacity":1,"edgeAntialiasingMask":0,"height":405,"hidden":false,"anchorPoint":{"pointX":0.5,"pointY":0.5}},"texture":"7ABC8AE019976075881C76CAE97044AE"}]}]},"effects":[],"duration":0.01,"type":"transition","attributes":{"direction":0},"name":"none","objectID":"0"}],"automaticPlay":false,"hyperlinks":[],"accessibility":[{"text":"Google Shape;543;p35","targetRectangle":{"y":13.889763832092285,"x":442.771728515625,"width":438.95086669921875,"height":405}},{"text":"1. Breast cancer remains to be the outmost identified cancer in the whole universe and is the prime source of cancer demise amid women ( M.elsayad, Alaa., and H. A. Elsalamony)","targetRectangle":{"y":96.820869952674968,"x":7.1988117150433197,"width":417.24720000000002,"height":44.631521606445318}},{"text":"2. Have comparative study of fuzzy classification methods on Breast Cancer Data. There are 9 attributes which are primarily used to classify the breast cancer as either benign or malignant based on cell description gathered by microscopic examination. These are: 1. Clump Thickness 2. Uniformity of Cell Size 3. Uniformity of Cell Shape 4. Marginal Adhesion 5. Single Epithelial Cell Size 6. Bare Nuclei 7. Bland Chromatic 8. Normal Nucleoli and 9. Mitoses. (Garg.)","targetRectangle":{"y":167.82086995267497,"x":7.1988117150433197,"width":428.53847999999994,"height":80.631521606445318}},{"text":" 3. To predict breast cancer comparative analysis was done by using neural network, decision tree, genetic algorithm and logistic regression(Chang PW, Liou MD)","targetRectangle":{"y":261.82086995267497,"x":7.1988117150433197,"width":428.50464000000011,"height":28.631521606445347}},{"text":" ","targetRectangle":{"y":290.82086995267497,"x":7.1988117150433197,"width":3.13584,"height":12.684161376953114}},{"text":" 4.  It has been observed that Simple logistic regression achieves high accuracy to predict class or type of cancer to which Cancer patients belong to. (Sultana, Jabeen)","targetRectangle":{"y":316.82086995267497,"x":7.1988117150433197,"width":416.81856000000005,"height":44.631521606445347}},{"text":"2.1 Literature Review","targetRectangle":{"y":30.763778232214008,"x":78.441874043218661,"width":269.02176000000009,"height":30.29442871093751}}],"baseLayer":{"animations":[],"initialState":{"affineTransform":[1,0,0,1,0,0],"masksToBounds":false,"rotation":0,"scale":1,"position":{"pointX":360,"pointY":202.5},"width":720,"sublayerTransform":[1,0,0,0,0,1,0,0,0,0,1,0,0,0,0,1],"contentsRect":{"y":0,"x":0,"width":1,"height":1},"opacity":1,"edgeAntialiasingMask":251658240,"height":405,"hidden":false,"anchorPoint":{"pointX":0.5,"pointY":0.5}},"objectID":"0","layers":[{"animations":[],"initialState":{"affineTransform":[1,0,0,1,0,0],"masksToBounds":false,"rotation":0,"scale":1,"position":{"pointX":360,"pointY":202.5},"width":720,"sublayerTransform":[1,0,0,0,0,1,0,0,0,0,1,-0.00093354433244735948,0,0,0,1],"contentsRect":{"y":0,"x":0,"width":1,"height":1},"opacity":1,"edgeAntialiasingMask":251658240,"height":405,"hidden":false,"anchorPoint":{"pointX":0.5,"pointY":0.5}},"layers":[{"animations":[],"layers":[],"texturedRectangle":{"isBackgroundTexture":false,"singleTextureOpacity":1,"textureType":0,"textBaseline":0,"textXHeight":0,"isVerticalText":false},"initialState":{"affineTransform":[1,0,0,1,0,0],"masksToBounds":false,"rotation":0,"scale":1,"position":{"pointX":360,"pointY":202.5},"width":720,"sublayerTransform":[1,0,0,0,0,1,0,0,0,0,1,0,0,0,0,1],"contentsRect":{"y":0,"x":0,"width":1,"height":1},"opacity":1,"edgeAntialiasingMask":0,"height":405,"hidden":false,"anchorPoint":{"pointX":0.5,"pointY":0.5}},"texture":"7ABC8AE019976075881C76CAE97044AE"}]}]}}]}