{"assets":{"F9E3B517CE5A4654E61EACF60A91AF04":{"type":"texture","index":0,"assetRequest":{"type":"slide","state":"contents","slide":"none"},"url":{"native":"assets\/482DAFD1-14B5-40F2-B90A-7964C921DB94.pdf"},"width":720,"height":405},"CCC689AFFD7793674B19A7C2895DE3E2":{"type":"texture","index":1,"assetRequest":{"type":"slide","state":"contents","slide":"none"},"url":{"native":"assets\/482DAFD1-14B5-40F2-B90A-7964C921DB94.pdf"},"width":720,"height":405}},"events":[{"effects":[{"beginTime":0,"baseLayer":{"animations":[],"initialState":{"affineTransform":[1,0,0,1,0,0],"masksToBounds":false,"rotation":0,"scale":1,"position":{"pointX":360,"pointY":202.5},"width":720,"sublayerTransform":[1,0,0,0,0,1,0,0,0,0,1,0,0,0,0,1],"contentsRect":{"y":0,"x":0,"width":1,"height":1},"opacity":1,"edgeAntialiasingMask":251658240,"height":405,"hidden":false,"anchorPoint":{"pointX":0.5,"pointY":0.5}},"objectID":"0","layers":[{"animations":[],"initialState":{"affineTransform":[1,0,0,1,0,0],"masksToBounds":false,"rotation":0,"scale":1,"position":{"pointX":360,"pointY":202.5},"width":720,"sublayerTransform":[1,0,0,0,0,1,0,0,0,0,1,-0.00093354433244735948,0,0,0,1],"contentsRect":{"y":0,"x":0,"width":1,"height":1},"opacity":1,"edgeAntialiasingMask":251658240,"height":405,"hidden":false,"anchorPoint":{"pointX":0.5,"pointY":0.5}},"layers":[{"animations":[],"layers":[],"texturedRectangle":{"isBackgroundTexture":false,"singleTextureOpacity":1,"textureType":0,"textBaseline":0,"textXHeight":0,"isVerticalText":false},"initialState":{"affineTransform":[1,0,0,1,0,0],"masksToBounds":false,"rotation":0,"scale":1,"position":{"pointX":360,"pointY":202.5},"width":720,"sublayerTransform":[1,0,0,0,0,1,0,0,0,0,1,0,0,0,0,1],"contentsRect":{"y":0,"x":0,"width":1,"height":1},"opacity":1,"edgeAntialiasingMask":0,"height":405,"hidden":false,"anchorPoint":{"pointX":0.5,"pointY":0.5}},"texture":"CCC689AFFD7793674B19A7C2895DE3E2"},{"animations":[{"timeOffset":0,"from":{"scalar":false},"beginTime":0,"repeatCount":0,"fillMode":"both","property":"hidden","autoreverses":false,"duration":0.01,"to":{"scalar":true}}],"layers":[],"texturedRectangle":{"isBackgroundTexture":false,"singleTextureOpacity":1,"textureType":0,"textBaseline":0,"textXHeight":0,"isVerticalText":false},"initialState":{"affineTransform":[1,0,0,1,0,0],"masksToBounds":false,"rotation":0,"scale":1,"position":{"pointX":360,"pointY":202.5},"width":720,"sublayerTransform":[1,0,0,0,0,1,0,0,0,0,1,0,0,0,0,1],"contentsRect":{"y":0,"x":0,"width":1,"height":1},"opacity":1,"edgeAntialiasingMask":0,"height":405,"hidden":false,"anchorPoint":{"pointX":0.5,"pointY":0.5}},"texture":"F9E3B517CE5A4654E61EACF60A91AF04"}]}]},"effects":[],"duration":0.01,"type":"transition","attributes":{"direction":0},"name":"none","objectID":"0"}],"automaticPlay":false,"hyperlinks":[],"accessibility":[{"text":"Related Works","targetRectangle":{"y":155.43503950990035,"x":315.9745533264641,"width":90.98599999999999,"height":15.608001708984375}},{"text":"Methods","targetRectangle":{"y":155.43503950990035,"x":514.77737705693289,"width":55.243999999999915,"height":15.608001708984375}},{"text":"Results & Discussion","targetRectangle":{"y":276.96062849915813,"x":119.19717930014306,"width":131.20800000000003,"height":15.608001708984375}},{"text":"Conclusion","targetRectangle":{"y":276.96062849915813,"x":325.33330210576099,"width":70.265999999999963,"height":15.608001708984375}},{"text":"Here you could describe the","targetRectangle":{"y":175.44094495322761,"x":113.93051109013597,"width":125.95000000000003,"height":11.720001220703125}},{"text":"topic of the section","targetRectangle":{"y":187.44094495322761,"x":133.93551109013598,"width":85.939999999999998,"height":11.720001220703125}},{"text":"03","targetRectangle":{"y":125.57283400452926,"x":531.724163360067,"width":21.350400000000036,"height":22.46240234375}},{"text":"Introduction","targetRectangle":{"y":155.43503950990035,"x":139.30150814651125,"width":75.208000000000027,"height":15.608001708984375}},{"text":"04","targetRectangle":{"y":247.0974845782597,"x":166.23031265205924,"width":21.350399999999979,"height":22.46240234375}},{"text":"02","targetRectangle":{"y":125.57188795960738,"x":349.29047805733262,"width":21.350400000000036,"height":22.46240234375}},{"text":"05","targetRectangle":{"y":247.09843062318157,"x":350.79237014717637,"width":21.350400000000036,"height":22.46240234375}},{"text":"Here you could describe the","targetRectangle":{"y":296.96670178916509,"x":298.49257182924759,"width":125.95000000000005,"height":11.720001220703125}},{"text":"topic of the section","targetRectangle":{"y":308.96670178916509,"x":318.49757182924759,"width":85.940000000000055,"height":11.720001220703125}},{"text":"Here you could describe the","targetRectangle":{"y":175.44094495322761,"x":298.49257182924759,"width":125.95000000000005,"height":11.720001220703125}},{"text":"topic of the section","targetRectangle":{"y":187.44094495322761,"x":318.49757182924759,"width":85.940000000000055,"height":11.720001220703125}},{"text":"01","targetRectangle":{"y":125.57283400452926,"x":166.23031265205924,"width":21.350399999999979,"height":22.46240234375}},{"text":"Here you could describe the","targetRectangle":{"y":175.44109754111824,"x":479.42436504213822,"width":125.95000000000005,"height":11.720001220703125}},{"text":"topic of the section","targetRectangle":{"y":187.44109754111824,"x":499.42936504213822,"width":85.940000000000055,"height":11.720001220703125}},{"text":"Table of Contents","targetRectangle":{"y":41.320865176794086,"x":251.38459786651811,"width":217.23072000000002,"height":30.29442871093751}},{"text":"Here you could describe the","targetRectangle":{"y":296.96566419150884,"x":113.93051433413042,"width":125.95000000000003,"height":11.720001220703125}},{"text":"topic of the section","targetRectangle":{"y":308.96566419150884,"x":133.93551433413043,"width":85.939999999999998,"height":11.720001220703125}}],"baseLayer":{"animations":[],"initialState":{"affineTransform":[1,0,0,1,0,0],"masksToBounds":false,"rotation":0,"scale":1,"position":{"pointX":360,"pointY":202.5},"width":720,"sublayerTransform":[1,0,0,0,0,1,0,0,0,0,1,0,0,0,0,1],"contentsRect":{"y":0,"x":0,"width":1,"height":1},"opacity":1,"edgeAntialiasingMask":251658240,"height":405,"hidden":false,"anchorPoint":{"pointX":0.5,"pointY":0.5}},"objectID":"0","layers":[{"animations":[],"initialState":{"affineTransform":[1,0,0,1,0,0],"masksToBounds":false,"rotation":0,"scale":1,"position":{"pointX":360,"pointY":202.5},"width":720,"sublayerTransform":[1,0,0,0,0,1,0,0,0,0,1,-0.00093354433244735948,0,0,0,1],"contentsRect":{"y":0,"x":0,"width":1,"height":1},"opacity":1,"edgeAntialiasingMask":251658240,"height":405,"hidden":false,"anchorPoint":{"pointX":0.5,"pointY":0.5}},"layers":[{"animations":[],"layers":[],"texturedRectangle":{"isBackgroundTexture":false,"singleTextureOpacity":1,"textureType":0,"textBaseline":0,"textXHeight":0,"isVerticalText":false},"initialState":{"affineTransform":[1,0,0,1,0,0],"masksToBounds":false,"rotation":0,"scale":1,"position":{"pointX":360,"pointY":202.5},"width":720,"sublayerTransform":[1,0,0,0,0,1,0,0,0,0,1,0,0,0,0,1],"contentsRect":{"y":0,"x":0,"width":1,"height":1},"opacity":1,"edgeAntialiasingMask":0,"height":405,"hidden":false,"anchorPoint":{"pointX":0.5,"pointY":0.5}},"texture":"F9E3B517CE5A4654E61EACF60A91AF04"}]}]}}]}