{"assets":{"B621B229EEDAE912BA9E59E043BCDD47":{"type":"texture","index":14,"assetRequest":{"type":"slide","state":"contents","slide":"none"},"url":{"native":"assets\/9A016481-BAE3-4FA4-87B2-8C14732339CA.pdf"},"width":106,"height":15},"5842EAD3226722F08D4F4C857933BFE9":{"type":"texture","index":13,"assetRequest":{"type":"slide","state":"contents","slide":"none"},"url":{"native":"assets\/9A016481-BAE3-4FA4-87B2-8C14732339CA.pdf"},"width":22,"height":17},"E2E65603E368843FDC832F10556567F4":{"type":"texture","index":18,"assetRequest":{"type":"slide","state":"contents","slide":"none"},"url":{"native":"assets\/9A016481-BAE3-4FA4-87B2-8C14732339CA.pdf"},"width":195,"height":25},"A6FD96B0A6851264A523646CEA9BA6B7":{"type":"texture","index":7,"assetRequest":{"type":"slide","state":"contents","slide":"none"},"url":{"native":"assets\/9A016481-BAE3-4FA4-87B2-8C14732339CA.pdf"},"width":184,"height":297},"F5413ABD666D7E42CAA39A384029CC1A":{"type":"texture","index":5,"assetRequest":{"type":"slide","state":"contents","slide":"none"},"url":{"native":"assets\/9A016481-BAE3-4FA4-87B2-8C14732339CA.pdf"},"width":408,"height":441},"1549854A06A620FF6EA11D905998BAF4":{"type":"texture","index":19,"assetRequest":{"type":"slide","state":"contents","slide":"none"},"url":{"native":"assets\/9A016481-BAE3-4FA4-87B2-8C14732339CA.pdf"},"width":171,"height":14},"55BF54004DF0202266173DC903EAB6DF":{"type":"texture","index":12,"assetRequest":{"type":"slide","state":"contents","slide":"none"},"url":{"native":"assets\/9A016481-BAE3-4FA4-87B2-8C14732339CA.pdf"},"width":74,"height":15},"7C670889A684744D15D7C93A791B940B":{"type":"texture","index":4,"assetRequest":{"type":"slide","state":"contents","slide":"none"},"url":{"native":"assets\/9A016481-BAE3-4FA4-87B2-8C14732339CA.pdf"},"width":253,"height":4},"A1948EC842F332BEE43108CD84ABF800":{"type":"texture","index":9,"assetRequest":{"type":"slide","state":"contents","slide":"none"},"url":{"native":"assets\/9A016481-BAE3-4FA4-87B2-8C14732339CA.pdf"},"width":22,"height":17},"5BA5DA85D2E8BC4A214A71C56DC9D0D7":{"type":"texture","index":1,"assetRequest":{"type":"slide","state":"contents","slide":"none"},"url":{"native":"assets\/9A016481-BAE3-4FA4-87B2-8C14732339CA.pdf"},"width":487,"height":468},"967D3C3D0A0D1DE3663D180214CCE85C":{"type":"texture","index":22,"assetRequest":{"type":"slide","state":"contents","slide":"none"},"url":{"native":"assets\/9A016481-BAE3-4FA4-87B2-8C14732339CA.pdf"},"width":720,"height":405},"89EA701B32DAAF7479E965C1EF1ABA89":{"type":"texture","index":8,"assetRequest":{"type":"slide","state":"contents","slide":"none"},"url":{"native":"assets\/9A016481-BAE3-4FA4-87B2-8C14732339CA.pdf"},"width":100,"height":15},"A9078D25A23289B3F6FCB3DDB066D170":{"type":"texture","index":11,"assetRequest":{"type":"slide","state":"contents","slide":"none"},"url":{"native":"assets\/9A016481-BAE3-4FA4-87B2-8C14732339CA.pdf"},"width":9,"height":17},"5D7104774BA062815D57694808EFE559":{"type":"texture","index":16,"assetRequest":{"type":"slide","state":"contents","slide":"none"},"url":{"native":"assets\/9A016481-BAE3-4FA4-87B2-8C14732339CA.pdf"},"width":101,"height":15},"9B3839D87D2A35A42DDED9841D16F1B0":{"type":"texture","index":2,"assetRequest":{"type":"slide","state":"contents","slide":"none"},"url":{"native":"assets\/9A016481-BAE3-4FA4-87B2-8C14732339CA.pdf"},"width":260,"height":4},"C012666BC07C7726FA613DB97754DE26":{"type":"texture","index":6,"assetRequest":{"type":"slide","state":"contents","slide":"none"},"url":{"native":"assets\/9A016481-BAE3-4FA4-87B2-8C14732339CA.pdf"},"width":288,"height":23},"5AF76199F3C0A8AA2202A176FC9DE681":{"type":"texture","index":21,"assetRequest":{"type":"slide","state":"contents","slide":"none"},"url":{"native":"assets\/9A016481-BAE3-4FA4-87B2-8C14732339CA.pdf"},"width":720,"height":405},"E454F1E48A441F1EA98C157DDCCA8FFC":{"type":"texture","index":15,"assetRequest":{"type":"slide","state":"contents","slide":"none"},"url":{"native":"assets\/9A016481-BAE3-4FA4-87B2-8C14732339CA.pdf"},"width":13,"height":17},"DA80EBC5102821607B402E2C6A23C778":{"type":"texture","index":20,"assetRequest":{"type":"slide","state":"contents","slide":"none"},"url":{"native":"assets\/9A016481-BAE3-4FA4-87B2-8C14732339CA.pdf"},"width":189,"height":19},"C01C98B42EFC2DC1B94C631E3E69DC81":{"type":"texture","index":3,"assetRequest":{"type":"slide","state":"contents","slide":"none"},"url":{"native":"assets\/9A016481-BAE3-4FA4-87B2-8C14732339CA.pdf"},"width":253,"height":3},"81D54F29EC4D3551F83A34E2D05FFF7A":{"type":"texture","index":17,"assetRequest":{"type":"slide","state":"contents","slide":"none"},"url":{"native":"assets\/9A016481-BAE3-4FA4-87B2-8C14732339CA.pdf"},"width":13,"height":17},"1BFD4A8A3262821D77512FEA63730126":{"type":"texture","index":0,"assetRequest":{"type":"slide","state":"contents","slide":"none"},"url":{"native":"assets\/9A016481-BAE3-4FA4-87B2-8C14732339CA.pdf"},"width":720,"height":405},"579278754EDD08E16BBB14227D042E8D":{"type":"texture","index":10,"assetRequest":{"type":"slide","state":"contents","slide":"none"},"url":{"native":"assets\/9A016481-BAE3-4FA4-87B2-8C14732339CA.pdf"},"width":112,"height":18}},"events":[{"effects":[{"beginTime":0,"baseLayer":{"animations":[],"initialState":{"affineTransform":[1,0,0,1,0,0],"masksToBounds":false,"rotation":0,"scale":1,"position":{"pointX":557.08858952559819,"pointY":362.07678226786334},"width":171,"sublayerTransform":[1,0,0,0,0,1,0,0,0,0,1,0,0,0,0,1],"contentsRect":{"y":0,"x":0,"width":1,"height":1},"opacity":1,"edgeAntialiasingMask":251658240,"height":14,"hidden":false,"anchorPoint":{"pointX":0.5,"pointY":0.5}},"objectID":"D9966529-A5F9-46AF-AC49-0227835954E0","layers":[{"animations":[],"initialState":{"affineTransform":[1,0,0,1,0,0],"masksToBounds":false,"rotation":0,"scale":1,"position":{"pointX":-111.58858952559819,"pointY":-152.57678226786334},"width":171,"sublayerTransform":[1,0,0,0,0,1,0,0,0,0,1,-0.00093354433244735948,0,0,0,1],"contentsRect":{"y":0,"x":0,"width":1,"height":1},"opacity":1,"edgeAntialiasingMask":251658240,"height":14,"hidden":false,"anchorPoint":{"pointX":-0.65256485102688999,"pointY":-10.898341590561667}},"layers":[{"animations":[{"timeOffset":0,"beginTime":1e-100,"repeatCount":0,"animations":[{"timeOffset":0,"from":{"scalar":0},"beginTime":0,"repeatCount":0,"fillMode":"both","duration":1,"autoreverses":false,"timingFunction":"EaseInEaseOut","property":"opacity","to":{"scalar":1}},{"timeOffset":0,"from":{"scalar":false},"beginTime":0,"repeatCount":0,"fillMode":"forwards","property":"hidden","autoreverses":false,"duration":1,"to":{"scalar":false}}],"fillMode":"both","autoreverses":false,"duration":1}],"layers":[],"texturedRectangle":{"singleTextureOpacity":1,"textXHeight":0,"shapePath":{"lineWidth":1,"flatness":0.59999999999999998,"lineCapStyle":0,"elements":[{"type":"MoveToPoint","points":[[1.588589525598195,1.0767822678633365]]},{"type":"AddLine","points":[[169.99017033614507,1.0767822678633365]]},{"type":"AddLine","points":[[169.99017033614507,12.250010531718317]]},{"type":"AddLine","points":[[1.588589525598195,12.250010531718317]]},{"type":"CloseSubpath"},{"type":"MoveToPoint","points":[[1.588589525598195,1.0767822678633365]]}],"windingRule":0,"lineJoinStyle":0,"miterLimit":10},"isBackgroundTexture":true,"textBaseline":0,"isVerticalText":false,"textureType":5},"initialState":{"affineTransform":[1,0,0,1,0,0],"masksToBounds":false,"rotation":0,"scale":1,"position":{"pointX":83.911410474401805,"pointY":5.9232177321366635},"width":171,"sublayerTransform":[1,0,0,0,0,1,0,0,0,0,1,0,0,0,0,1],"contentsRect":{"y":0,"x":0,"width":1,"height":1},"opacity":1,"edgeAntialiasingMask":0,"height":14,"hidden":true,"anchorPoint":{"pointX":0.5,"pointY":0.5}},"texture":"1549854A06A620FF6EA11D905998BAF4"}]}]},"effects":[],"duration":1,"type":"buildIn","attributes":{"direction":11},"name":"apple:wipe","objectID":"D9966529-A5F9-46AF-AC49-0227835954E0"},{"beginTime":0,"baseLayer":{"animations":[],"initialState":{"affineTransform":[1,0,0,1,0,0],"masksToBounds":false,"rotation":0,"scale":1,"position":{"pointX":545.31298996332123,"pointY":318.17931386610439},"width":189,"sublayerTransform":[1,0,0,0,0,1,0,0,0,0,1,0,0,0,0,1],"contentsRect":{"y":0,"x":0,"width":1,"height":1},"opacity":1,"edgeAntialiasingMask":251658240,"height":19,"hidden":false,"anchorPoint":{"pointX":0.5,"pointY":0.5}},"objectID":"136BF6A0-3692-4231-B3D3-0C3BE3B1E1AA","layers":[{"animations":[],"initialState":{"affineTransform":[1,0,0,1,0,0],"masksToBounds":false,"rotation":0,"scale":1,"position":{"pointX":-90.812989963321229,"pointY":-106.17931386610439},"width":189,"sublayerTransform":[1,0,0,0,0,1,0,0,0,0,1,-0.00093354433244735948,0,0,0,1],"contentsRect":{"y":0,"x":0,"width":1,"height":1},"opacity":1,"edgeAntialiasingMask":251658240,"height":19,"hidden":false,"anchorPoint":{"pointX":-0.48049201038794304,"pointY":-5.5883849403212835}},"layers":[{"animations":[{"timeOffset":0,"from":{"scalar":true},"beginTime":1e-100,"repeatCount":0,"fillMode":"both","property":"hidden","autoreverses":false,"duration":0.01,"to":{"scalar":false}}],"layers":[],"texturedRectangle":{"singleTextureOpacity":1,"textXHeight":0.378,"textBaseline":0.72727508125627827,"isBackgroundTexture":true,"isVerticalText":false,"textColor":[0.19607843458652496,0.094117648899555206,0.41960784792900085,1],"textureType":6},"initialState":{"affineTransform":[1,0,0,1,0,0],"masksToBounds":false,"rotation":0,"scale":1,"position":{"pointX":121.68701003667877,"pointY":21.820686133895606},"width":189,"sublayerTransform":[1,0,0,0,0,1,0,0,0,0,1,0,0,0,0,1],"contentsRect":{"y":0,"x":0,"width":1,"height":1},"opacity":1,"edgeAntialiasingMask":0,"height":19,"hidden":true,"anchorPoint":{"pointX":0.5,"pointY":0.5}},"texture":"DA80EBC5102821607B402E2C6A23C778"}]}]},"effects":[],"duration":0.01,"type":"buildIn","attributes":{"direction":0},"name":"apple:appear","objectID":"136BF6A0-3692-4231-B3D3-0C3BE3B1E1AA"}],"automaticPlay":false,"hyperlinks":[],"accessibility":[{"text":"3","targetRectangle":{"y":262.59646262146356,"x":606.59863290636554,"width":10.0107421875,"height":25.299999475479126}},{"text":"5","targetRectangle":{"y":204.44346256331195,"x":606.59863290636554,"width":10.0107421875,"height":25.299999475479126}},{"text":"10","targetRectangle":{"y":312.83370592087272,"x":103.38976392595784,"width":20.021484375,"height":25.299999475479126}},{"text":"4.3 A Case of Prediction","targetRectangle":{"y":41.320865176794086,"x":216.68116395965379,"width":286.6376953125,"height":30}},{"text":"Clump Thickness","targetRectangle":{"y":151.69015922759493,"x":102.74408827583839,"width":96.407226562499986,"height":16}},{"text":"Bland Chromatin","targetRectangle":{"y":170.07842134866183,"x":512.98051696311757,"width":104.275390625,"height":17}},{"text":"10","targetRectangle":{"y":180.28054429977902,"x":102.74408826677815,"width":20.021484375,"height":25.299999475479126}},{"text":"Maginal Adhesion","targetRectangle":{"y":225.04526900208785,"x":103.38976897217162,"width":110.5302734375,"height":17}},{"text":"Normal Nucleoli","targetRectangle":{"y":241.84055708802532,"x":517.80382018577393,"width":98.806640625,"height":17}},{"text":"1","targetRectangle":{"y":253.61364197014558,"x":108.50618085934131,"width":10.0107421875,"height":25.299999475479126}},{"text":"Bare Nuclei","targetRectangle":{"y":290.56402205384563,"x":101.99408886751792,"width":72.365234375,"height":17}}],"baseLayer":{"animations":[],"initialState":{"affineTransform":[1,0,0,1,0,0],"masksToBounds":false,"rotation":0,"scale":1,"position":{"pointX":360,"pointY":202.5},"width":720,"sublayerTransform":[1,0,0,0,0,1,0,0,0,0,1,0,0,0,0,1],"contentsRect":{"y":0,"x":0,"width":1,"height":1},"opacity":1,"edgeAntialiasingMask":251658240,"height":405,"hidden":false,"anchorPoint":{"pointX":0.5,"pointY":0.5}},"layers":[{"animations":[],"initialState":{"affineTransform":[1,0,0,1,0,0],"masksToBounds":false,"rotation":0,"scale":1,"position":{"pointX":360,"pointY":202.5},"width":720,"sublayerTransform":[1,0,0,0,0,1,0,0,0,0,1,0,0,0,0,1],"contentsRect":{"y":0,"x":0,"width":1,"height":1},"opacity":1,"edgeAntialiasingMask":251658240,"height":405,"hidden":false,"anchorPoint":{"pointX":0.5,"pointY":0.5}},"layers":[{"animations":[],"initialState":{"affineTransform":[1,0,0,1,0,0],"masksToBounds":false,"rotation":0,"scale":1,"position":{"pointX":360,"pointY":202.5},"width":720,"sublayerTransform":[1,0,0,0,0,1,0,0,0,0,1,0,0,0,0,1],"contentsRect":{"y":0,"x":0,"width":1,"height":1},"opacity":1,"edgeAntialiasingMask":251658240,"height":405,"hidden":false,"anchorPoint":{"pointX":0.5,"pointY":0.5}},"layers":[{"animations":[],"layers":[],"texturedRectangle":{"isBackgroundTexture":true,"singleTextureOpacity":1,"textureType":1,"textBaseline":0,"textXHeight":0,"isVerticalText":false},"initialState":{"affineTransform":[1,0,0,1,0,0],"masksToBounds":false,"rotation":0,"scale":1,"position":{"pointX":360,"pointY":202.5},"width":720,"sublayerTransform":[1,0,0,0,0,1,0,0,0,0,1,0,0,0,0,1],"contentsRect":{"y":0,"x":0,"width":1,"height":1},"opacity":1,"edgeAntialiasingMask":0,"height":405,"hidden":false,"anchorPoint":{"pointX":0.5,"pointY":0.5}},"texture":"1BFD4A8A3262821D77512FEA63730126"}]}]},{"animations":[],"initialState":{"affineTransform":[1,0,0,1,0,0],"masksToBounds":false,"rotation":0,"scale":1,"position":{"pointX":360,"pointY":202.5},"width":720,"sublayerTransform":[1,0,0,0,0,1,0,0,0,0,1,0,0,0,0,1],"contentsRect":{"y":0,"x":0,"width":1,"height":1},"opacity":1,"edgeAntialiasingMask":251658240,"height":405,"hidden":false,"anchorPoint":{"pointX":0.5,"pointY":0.5}},"layers":[{"animations":[],"initialState":{"affineTransform":[1,0,0,1,0,0],"masksToBounds":false,"rotation":0,"scale":1,"position":{"pointX":67.874318537308966,"pointY":-11.181086229149599},"width":487,"sublayerTransform":[1,0,0,0,0,1,0,0,0,0,1,0,0,0,0,1],"contentsRect":{"y":0,"x":0,"width":1,"height":1},"opacity":1,"edgeAntialiasingMask":251658240,"height":468,"hidden":false,"anchorPoint":{"pointX":0.5,"pointY":0.5}},"layers":[{"animations":[],"layers":[],"texturedRectangle":{"singleTextureOpacity":1,"textXHeight":0,"shapePath":{"lineWidth":1,"flatness":0.59999999999999998,"lineCapStyle":0,"elements":[{"type":"MoveToPoint","points":[[198.4962256577935,78.436669797481414]]},{"type":"AddCurve","points":[[226.90198307357696,59.957817221935329],[262.51874151695512,52.647942840781695],[296.85992970582805,58.148223825300931]]},{"type":"AddCurve","points":[[342.56143263599353,66.356846955956257],[386.18693615988406,97.63553159359671],[404.97935736631189,141.62460503614034]]},{"type":"AddCurve","points":[[423.77223855109742,185.61114702221306],[413.89723351866951,240.89857722455167],[378.10282021884655,268.56807805263463]]},{"type":"AddCurve","points":[[375.99922696820192,270.19547085740157],[373.82145030841684,271.7282598847022],[371.5832145893765,273.18430371680529]]},{"type":"AddCurve","points":[[348.96548737296314,287.89785775827522],[320.14774153463071,294.66436579394042],[298.23464408161897,308.91953566604468]]},{"type":"AddCurve","points":[[288.80355958029236,315.05475739509802],[280.65166565127868,322.57665729600797],[274.82408663981778,332.71613393008886]]},{"type":"AddCurve","points":[[263.29754831192781,352.76855352329846],[264.1603797479317,378.52966140615831],[254.54759390841446,399.68765770026334]]},{"type":"AddCurve","points":[[249.38384458866932,411.05160350004269],[240.95351375159279,420.29263911864257],[230.73490186764087,426.94017256639881]]},{"type":"AddCurve","points":[[209.60341053873844,440.68688268760991],[180.82453420806544,443.33866709875701],[157.47166305008835,430.71915381752001]]},{"type":"AddCurve","points":[[122.82911281445118,411.99254439892388],[106.65744169634672,363.17793756158312],[123.77744837428568,329.00871996426361]]},{"type":"AddCurve","points":[[132.04647064439328,312.50181094476534],[146.66903371069139,299.53388095064008],[151.43262650500014,281.485795115055]]},{"type":"AddCurve","points":[[154.52804522949236,269.76640833474789],[153.10341667998784,257.12570596102],[151.65670146660685,244.83643777192046]]},{"type":"AddCurve","points":[[145.4217031485141,191.81672043327558],[134.82919403052736,147.52701154934013],[169.43319590056618,104.58443970346184]]},{"type":"AddCurve","points":[[177.73533823638127,94.281662935590248],[187.58334621284297,85.535846470936292],[198.4962256577935,78.436669797481414]]},{"type":"CloseSubpath"},{"type":"MoveToPoint","points":[[198.4962256577935,78.436669797481414]]}],"windingRule":0,"lineJoinStyle":0,"miterLimit":10},"isBackgroundTexture":true,"textBaseline":0,"isVerticalText":false,"textureType":5},"initialState":{"affineTransform":[1,0,0,1,0,0],"masksToBounds":false,"rotation":0,"scale":1,"position":{"pointX":242.12568146269103,"pointY":232.1810862291496},"width":487,"sublayerTransform":[1,0,0,0,0,1,0,0,0,0,1,0,0,0,0,1],"contentsRect":{"y":0,"x":0,"width":1,"height":1},"opacity":1,"edgeAntialiasingMask":0,"height":468,"hidden":false,"anchorPoint":{"pointX":0.5,"pointY":0.5}},"texture":"5BA5DA85D2E8BC4A214A71C56DC9D0D7"}]}]},{"animations":[],"initialState":{"affineTransform":[1,0,0,1,0,0],"masksToBounds":false,"rotation":0,"scale":1,"position":{"pointX":360,"pointY":202.5},"width":720,"sublayerTransform":[1,0,0,0,0,1,0,0,0,0,1,0,0,0,0,1],"contentsRect":{"y":0,"x":0,"width":1,"height":1},"opacity":1,"edgeAntialiasingMask":251658240,"height":405,"hidden":false,"anchorPoint":{"pointX":0.5,"pointY":0.5}},"layers":[{"animations":[],"initialState":{"affineTransform":[1,0,0,1,0,0],"masksToBounds":false,"rotation":0,"scale":1,"position":{"pointX":487.95472164604644,"pointY":233.55807495117188},"width":260,"sublayerTransform":[1,0,0,0,0,1,0,0,0,0,1,0,0,0,0,1],"contentsRect":{"y":0,"x":0,"width":1,"height":1},"opacity":1,"edgeAntialiasingMask":251658240,"height":4,"hidden":false,"anchorPoint":{"pointX":0.5,"pointY":0.5}},"layers":[{"animations":[],"layers":[],"texturedRectangle":{"singleTextureOpacity":1,"textXHeight":0,"shapePath":{"lineWidth":1,"flatness":0.59999999999999998,"lineCapStyle":0,"elements":[{"type":"MoveToPoint","points":[[1.9547216460464369,1.933074951171875]]},{"type":"AddLine","points":[[258.77359934210608,1.933074951171875]]}],"windingRule":0,"lineJoinStyle":0,"miterLimit":10},"isBackgroundTexture":true,"textBaseline":0,"isVerticalText":false,"textureType":5},"initialState":{"affineTransform":[1,0,0,1,0,0],"masksToBounds":false,"rotation":0,"scale":1,"position":{"pointX":128.04527835395356,"pointY":0.441925048828125},"width":260,"sublayerTransform":[1,0,0,0,0,1,0,0,0,0,1,0,0,0,0,1],"contentsRect":{"y":0,"x":0,"width":1,"height":1},"opacity":1,"edgeAntialiasingMask":0,"height":4,"hidden":false,"anchorPoint":{"pointX":0.5,"pointY":0.5}},"texture":"9B3839D87D2A35A42DDED9841D16F1B0"}]}]},{"animations":[],"initialState":{"affineTransform":[1,0,0,1,0,0],"masksToBounds":false,"rotation":0,"scale":1,"position":{"pointX":360,"pointY":202.5},"width":720,"sublayerTransform":[1,0,0,0,0,1,0,0,0,0,1,0,0,0,0,1],"contentsRect":{"y":0,"x":0,"width":1,"height":1},"opacity":1,"edgeAntialiasingMask":251658240,"height":405,"hidden":false,"anchorPoint":{"pointX":0.5,"pointY":0.5}},"layers":[{"animations":[],"initialState":{"affineTransform":[1,0,0,1,0,0],"masksToBounds":false,"rotation":0,"scale":1,"position":{"pointX":228.79527300737038,"pointY":206.625},"width":253,"sublayerTransform":[1,0,0,0,0,1,0,0,0,0,1,0,0,0,0,1],"contentsRect":{"y":0,"x":0,"width":1,"height":1},"opacity":1,"edgeAntialiasingMask":251658240,"height":3,"hidden":false,"anchorPoint":{"pointX":0.5,"pointY":0.5}},"layers":[{"animations":[],"layers":[],"texturedRectangle":{"singleTextureOpacity":1,"textXHeight":0,"shapePath":{"lineWidth":1,"flatness":0.59999999999999998,"lineCapStyle":0,"elements":[{"type":"MoveToPoint","points":[[1.2952730073703691,1.5]]},{"type":"AddLine","points":[[251.05118220449015,1.5]]}],"windingRule":0,"lineJoinStyle":0,"miterLimit":10},"isBackgroundTexture":true,"textBaseline":0,"isVerticalText":false,"textureType":5},"initialState":{"affineTransform":[1,0,0,1,0,0],"masksToBounds":false,"rotation":0,"scale":1,"position":{"pointX":125.20472699262963,"pointY":0.375},"width":253,"sublayerTransform":[1,0,0,0,0,1,0,0,0,0,1,0,0,0,0,1],"contentsRect":{"y":0,"x":0,"width":1,"height":1},"opacity":1,"edgeAntialiasingMask":0,"height":3,"hidden":false,"anchorPoint":{"pointX":0.5,"pointY":0.5}},"texture":"C01C98B42EFC2DC1B94C631E3E69DC81"}]}]},{"animations":[],"initialState":{"affineTransform":[1,0,0,1,0,0],"masksToBounds":false,"rotation":0,"scale":1,"position":{"pointX":360,"pointY":202.5},"width":720,"sublayerTransform":[1,0,0,0,0,1,0,0,0,0,1,0,0,0,0,1],"contentsRect":{"y":0,"x":0,"width":1,"height":1},"opacity":1,"edgeAntialiasingMask":251658240,"height":405,"hidden":false,"anchorPoint":{"pointX":0.5,"pointY":0.5}},"layers":[{"animations":[],"initialState":{"affineTransform":[1,0,0,1,0,0],"masksToBounds":false,"rotation":0,"scale":1,"position":{"pointX":228.79527300737038,"pointY":284.99114990234375},"width":253,"sublayerTransform":[1,0,0,0,0,1,0,0,0,0,1,0,0,0,0,1],"contentsRect":{"y":0,"x":0,"width":1,"height":1},"opacity":1,"edgeAntialiasingMask":251658240,"height":4,"hidden":false,"anchorPoint":{"pointX":0.5,"pointY":0.5}},"layers":[{"animations":[],"layers":[],"texturedRectangle":{"singleTextureOpacity":1,"textXHeight":0,"shapePath":{"lineWidth":1,"flatness":0.59999999999999998,"lineCapStyle":0,"elements":[{"type":"MoveToPoint","points":[[1.2952730073703691,2.36614990234375]]},{"type":"AddLine","points":[[251.05118220449015,2.36614990234375]]}],"windingRule":0,"lineJoinStyle":0,"miterLimit":10},"isBackgroundTexture":true,"textBaseline":0,"isVerticalText":false,"textureType":5},"initialState":{"affineTransform":[1,0,0,1,0,0],"masksToBounds":false,"rotation":0,"scale":1,"position":{"pointX":125.20472699262963,"pointY":0.00885009765625},"width":253,"sublayerTransform":[1,0,0,0,0,1,0,0,0,0,1,0,0,0,0,1],"contentsRect":{"y":0,"x":0,"width":1,"height":1},"opacity":1,"edgeAntialiasingMask":0,"height":4,"hidden":false,"anchorPoint":{"pointX":0.5,"pointY":0.5}},"texture":"7C670889A684744D15D7C93A791B940B"}]}]},{"animations":[],"initialState":{"affineTransform":[1,0,0,1,0,0],"masksToBounds":false,"rotation":0,"scale":1,"position":{"pointX":360,"pointY":202.5},"width":720,"sublayerTransform":[1,0,0,0,0,1,0,0,0,0,1,0,0,0,0,1],"contentsRect":{"y":0,"x":0,"width":1,"height":1},"opacity":1,"edgeAntialiasingMask":251658240,"height":405,"hidden":false,"anchorPoint":{"pointX":0.5,"pointY":0.5}},"layers":[{"animations":[],"initialState":{"affineTransform":[1,0,0,1,0,0],"masksToBounds":false,"rotation":0,"scale":1,"position":{"pointX":356.93540811389937,"pointY":340.61892719401465},"width":408,"sublayerTransform":[1,0,0,0,0,1,0,0,0,0,1,0,0,0,0,1],"contentsRect":{"y":0,"x":0,"width":1,"height":1},"opacity":1,"edgeAntialiasingMask":251658240,"height":441,"hidden":false,"anchorPoint":{"pointX":0.5,"pointY":0.5}},"layers":[{"animations":[],"layers":[],"texturedRectangle":{"singleTextureOpacity":1,"textXHeight":0,"shapePath":{"lineWidth":1,"flatness":0.59999999999999998,"lineCapStyle":0,"elements":[{"type":"MoveToPoint","points":[[298.95254645043798,324.29179941330904]]},{"type":"AddCurve","points":[[283.40870237477787,352.18761627111439],[257.90277461763645,374.48292211565524],[228.55033298182514,385.94573743913759]]},{"type":"AddCurve","points":[[189.15073772103523,400.48981935054906],[142.64825246435498,395.62762001191072],[111.04115422823418,369.1323179431555]]},{"type":"AddCurve","points":[[79.43465104003684,342.63925254385447],[66.302936848181048,293.86899813028037],[84.226888963640903,255.21152752482675]]},{"type":"AddCurve","points":[[85.27976783126681,252.93864396829201],[86.427432516802469,250.70714545683734],[87.65221193430196,248.50909057701028]]},{"type":"AddCurve","points":[[100.02880235756584,226.29739711875771],[120.34260511080424,207.57680718214124],[132.333616828559,186.05709396383429]]},{"type":"AddCurve","points":[[137.49437719158107,176.79531642456288],[141.11348382299354,167.01552646763173],[141.89421750337533,156.21617032009044]]},{"type":"AddCurve","points":[[143.43949529832014,134.85800545007226],[132.98245328963606,114.65723302505626],[132.58888195960105,93.298914019526251]]},{"type":"AddCurve","points":[[132.37807339793824,81.827038596852958],[135.56613098837704,70.543980625939639],[141.15783225755638,60.508813406729132]]},{"type":"AddCurve","points":[[152.72114322634303,39.756674908361788],[174.56492511373494,24.344282591995636],[197.89346926558346,23.64931754475856]]},{"type":"AddCurve","points":[[232.50233548896801,22.623446369925716],[263.85909822086887,54.187808975571329],[263.22768420880232,89.417577063579358]]},{"type":"AddCurve","points":[[262.92386946395555,106.43612267255992],[256.2330643728115,123.55928176666612],[259.29708563501441,140.19115948165643]]},{"type":"AddCurve","points":[[261.28492492610059,150.99196586865605],[267.21104824128417,160.44183007192106],[273.02139806251643,169.60047686759032]]},{"type":"AddCurve","points":[[298.08382615386188,209.11676096473008],[323.29444610756775,239.63971101343509],[312.10919289881645,289.96013620584824]]},{"type":"AddCurve","points":[[309.42566456023076,302.03298556682051],[304.92415615004535,313.5748281341522],[298.95254645043798,324.29179941330904]]},{"type":"CloseSubpath"},{"type":"MoveToPoint","points":[[298.95254645043798,324.29179941330904]]}],"windingRule":0,"lineJoinStyle":0,"miterLimit":10},"isBackgroundTexture":true,"textBaseline":0,"isVerticalText":false,"textureType":5},"initialState":{"affineTransform":[1,0,0,1,0,0],"masksToBounds":false,"rotation":0,"scale":1,"position":{"pointX":202.0645918861006,"pointY":219.38107280598535},"width":408,"sublayerTransform":[1,0,0,0,0,1,0,0,0,0,1,0,0,0,0,1],"contentsRect":{"y":0,"x":0,"width":1,"height":1},"opacity":1,"edgeAntialiasingMask":0,"height":441,"hidden":false,"anchorPoint":{"pointX":0.5,"pointY":0.5}},"texture":"F5413ABD666D7E42CAA39A384029CC1A"}]}]},{"animations":[],"initialState":{"affineTransform":[1,0,0,1,0,0],"masksToBounds":false,"rotation":0,"scale":1,"position":{"pointX":360,"pointY":202.5},"width":720,"sublayerTransform":[1,0,0,0,0,1,0,0,0,0,1,0,0,0,0,1],"contentsRect":{"y":0,"x":0,"width":1,"height":1},"opacity":1,"edgeAntialiasingMask":251658240,"height":405,"hidden":false,"anchorPoint":{"pointX":0.5,"pointY":0.5}},"layers":[{"animations":[],"initialState":{"affineTransform":[1,0,0,1,0,0],"masksToBounds":false,"rotation":0,"scale":1,"position":{"pointX":238.79533021941938,"pointY":45.622046493169819},"width":288,"sublayerTransform":[1,0,0,0,0,1,0,0,0,0,1,0,0,0,0,1],"contentsRect":{"y":0,"x":0,"width":1,"height":1},"opacity":1,"edgeAntialiasingMask":251658240,"height":23,"hidden":false,"anchorPoint":{"pointX":0.5,"pointY":0.5}},"layers":[{"animations":[],"layers":[],"texturedRectangle":{"singleTextureOpacity":1,"textXHeight":0.58313519021739135,"textBaseline":0.89240684192582986,"isBackgroundTexture":true,"isVerticalText":false,"textColor":[0.19607843458652496,0.094117648899555206,0.41960784792900085,1],"textureType":6},"initialState":{"affineTransform":[1,0,0,1,0,0],"masksToBounds":false,"rotation":0,"scale":1,"position":{"pointX":264.20466978058062,"pointY":22.377953506830181},"width":288,"sublayerTransform":[1,0,0,0,0,1,0,0,0,0,1,0,0,0,0,1],"contentsRect":{"y":0,"x":0,"width":1,"height":1},"opacity":1,"edgeAntialiasingMask":0,"height":23,"hidden":false,"anchorPoint":{"pointX":0.5,"pointY":0.5}},"texture":"C012666BC07C7726FA613DB97754DE26"}]}]},{"animations":[],"initialState":{"affineTransform":[1,0,0,1,0,0],"masksToBounds":false,"rotation":0,"scale":1,"position":{"pointX":360,"pointY":202.5},"width":720,"sublayerTransform":[1,0,0,0,0,1,0,0,0,0,1,0,0,0,0,1],"contentsRect":{"y":0,"x":0,"width":1,"height":1},"opacity":1,"edgeAntialiasingMask":251658240,"height":405,"hidden":false,"anchorPoint":{"pointX":0.5,"pointY":0.5}},"layers":[{"animations":[],"initialState":{"affineTransform":[1,0,0,1,0,0],"masksToBounds":false,"rotation":0,"scale":1,"position":{"pointX":361.57307892483652,"pointY":258.76424616074752},"width":184,"sublayerTransform":[1,0,0,0,0,1,0,0,0,0,1,0,0,0,0,1],"contentsRect":{"y":0,"x":0,"width":1,"height":1},"opacity":1,"edgeAntialiasingMask":251658240,"height":297,"hidden":false,"anchorPoint":{"pointX":0.5,"pointY":0.5}},"layers":[{"animations":[],"layers":[],"texturedRectangle":{"isBackgroundTexture":true,"singleTextureOpacity":1,"textureType":5,"textBaseline":0,"textXHeight":0,"isVerticalText":false},"initialState":{"affineTransform":[1,0,0,1,0,0],"masksToBounds":false,"rotation":0,"scale":1,"position":{"pointX":90.426921075163477,"pointY":147.23575383925248},"width":184,"sublayerTransform":[1,0,0,0,0,1,0,0,0,0,1,0,0,0,0,1],"contentsRect":{"y":0,"x":0,"width":1,"height":1},"opacity":1,"edgeAntialiasingMask":0,"height":297,"hidden":false,"anchorPoint":{"pointX":0.5,"pointY":0.5}},"texture":"A6FD96B0A6851264A523646CEA9BA6B7"}]}]},{"animations":[],"initialState":{"affineTransform":[1,0,0,1,0,0],"masksToBounds":false,"rotation":0,"scale":1,"position":{"pointX":360,"pointY":202.5},"width":720,"sublayerTransform":[1,0,0,0,0,1,0,0,0,0,1,0,0,0,0,1],"contentsRect":{"y":0,"x":0,"width":1,"height":1},"opacity":1,"edgeAntialiasingMask":251658240,"height":405,"hidden":false,"anchorPoint":{"pointX":0.5,"pointY":0.5}},"layers":[{"animations":[],"initialState":{"affineTransform":[1,0,0,1,0,0],"masksToBounds":false,"rotation":0,"scale":1,"position":{"pointX":145.54526959221414,"pointY":151.99134054397067},"width":100,"sublayerTransform":[1,0,0,0,0,1,0,0,0,0,1,0,0,0,0,1],"contentsRect":{"y":0,"x":0,"width":1,"height":1},"opacity":1,"edgeAntialiasingMask":251658240,"height":15,"hidden":false,"anchorPoint":{"pointX":0.5,"pointY":0.5}},"layers":[{"animations":[],"layers":[],"texturedRectangle":{"singleTextureOpacity":1,"textXHeight":0.43927734374999999,"textBaseline":2.5263100943396624,"isBackgroundTexture":true,"isVerticalText":false,"textColor":[0.19607843458652496,0.094117648899555206,0.41960784792900085,1],"textureType":6},"initialState":{"affineTransform":[1,0,0,1,0,0],"masksToBounds":false,"rotation":0,"scale":1,"position":{"pointX":55.454730407785874,"pointY":17.008659456029335},"width":100,"sublayerTransform":[1,0,0,0,0,1,0,0,0,0,1,0,0,0,0,1],"contentsRect":{"y":0,"x":0,"width":1,"height":1},"opacity":1,"edgeAntialiasingMask":0,"height":15,"hidden":false,"anchorPoint":{"pointX":0.5,"pointY":0.5}},"texture":"89EA701B32DAAF7479E965C1EF1ABA89"}]}]},{"animations":[],"initialState":{"affineTransform":[1,0,0,1,0,0],"masksToBounds":false,"rotation":0,"scale":1,"position":{"pointX":360,"pointY":202.5},"width":720,"sublayerTransform":[1,0,0,0,0,1,0,0,0,0,1,0,0,0,0,1],"contentsRect":{"y":0,"x":0,"width":1,"height":1},"opacity":1,"edgeAntialiasingMask":251658240,"height":405,"hidden":false,"anchorPoint":{"pointX":0.5,"pointY":0.5}},"layers":[{"animations":[],"initialState":{"affineTransform":[1,0,0,1,0,0],"masksToBounds":false,"rotation":0,"scale":1,"position":{"pointX":106.54526958315388,"pointY":181.58172561615481},"width":22,"sublayerTransform":[1,0,0,0,0,1,0,0,0,0,1,0,0,0,0,1],"contentsRect":{"y":0,"x":0,"width":1,"height":1},"opacity":1,"edgeAntialiasingMask":251658240,"height":17,"hidden":false,"anchorPoint":{"pointX":0.5,"pointY":0.5}},"layers":[{"animations":[],"layers":[],"texturedRectangle":{"singleTextureOpacity":1,"textXHeight":0.5537109375,"textBaseline":0.83181740366347201,"isBackgroundTexture":true,"isVerticalText":false,"textColor":[0.19607843458652496,0.094117648899555206,0.41960784792900085,1],"textureType":6},"initialState":{"affineTransform":[1,0,0,1,0,0],"masksToBounds":false,"rotation":0,"scale":1,"position":{"pointX":17.454730416846118,"pointY":19.418274383845187},"width":22,"sublayerTransform":[1,0,0,0,0,1,0,0,0,0,1,0,0,0,0,1],"contentsRect":{"y":0,"x":0,"width":1,"height":1},"opacity":1,"edgeAntialiasingMask":0,"height":17,"hidden":false,"anchorPoint":{"pointX":0.5,"pointY":0.5}},"texture":"A1948EC842F332BEE43108CD84ABF800"}]}]},{"animations":[],"initialState":{"affineTransform":[1,0,0,1,0,0],"masksToBounds":false,"rotation":0,"scale":1,"position":{"pointX":360,"pointY":202.5},"width":720,"sublayerTransform":[1,0,0,0,0,1,0,0,0,0,1,0,0,0,0,1],"contentsRect":{"y":0,"x":0,"width":1,"height":1},"opacity":1,"edgeAntialiasingMask":251658240,"height":405,"hidden":false,"anchorPoint":{"pointX":0.5,"pointY":0.5}},"layers":[{"animations":[],"initialState":{"affineTransform":[1,0,0,1,0,0],"masksToBounds":false,"rotation":0,"scale":1,"position":{"pointX":152.19095028854736,"pointY":226.84645031846358},"width":112,"sublayerTransform":[1,0,0,0,0,1,0,0,0,0,1,0,0,0,0,1],"contentsRect":{"y":0,"x":0,"width":1,"height":1},"opacity":1,"edgeAntialiasingMask":251658240,"height":18,"hidden":false,"anchorPoint":{"pointX":0.5,"pointY":0.5}},"layers":[{"animations":[],"layers":[],"texturedRectangle":{"singleTextureOpacity":1,"textXHeight":0.40673828125,"textBaseline":0.71253013553265832,"isBackgroundTexture":true,"isVerticalText":false,"textColor":[0.19607843458652496,0.094117648899555206,0.41960784792900085,1],"textureType":6},"initialState":{"affineTransform":[1,0,0,1,0,0],"masksToBounds":false,"rotation":0,"scale":1,"position":{"pointX":62.809049711452644,"pointY":17.153549681536418},"width":112,"sublayerTransform":[1,0,0,0,0,1,0,0,0,0,1,0,0,0,0,1],"contentsRect":{"y":0,"x":0,"width":1,"height":1},"opacity":1,"edgeAntialiasingMask":0,"height":18,"hidden":false,"anchorPoint":{"pointX":0.5,"pointY":0.5}},"texture":"579278754EDD08E16BBB14227D042E8D"}]}]},{"animations":[],"initialState":{"affineTransform":[1,0,0,1,0,0],"masksToBounds":false,"rotation":0,"scale":1,"position":{"pointX":360,"pointY":202.5},"width":720,"sublayerTransform":[1,0,0,0,0,1,0,0,0,0,1,0,0,0,0,1],"contentsRect":{"y":0,"x":0,"width":1,"height":1},"opacity":1,"edgeAntialiasingMask":251658240,"height":405,"hidden":false,"anchorPoint":{"pointX":0.5,"pointY":0.5}},"layers":[{"animations":[],"initialState":{"affineTransform":[1,0,0,1,0,0],"masksToBounds":false,"rotation":0,"scale":1,"position":{"pointX":105.80736217571706,"pointY":254.91482328652131},"width":9,"sublayerTransform":[1,0,0,0,0,1,0,0,0,0,1,0,0,0,0,1],"contentsRect":{"y":0,"x":0,"width":1,"height":1},"opacity":1,"edgeAntialiasingMask":251658240,"height":17,"hidden":false,"anchorPoint":{"pointX":0.5,"pointY":0.5}},"layers":[{"animations":[],"layers":[],"texturedRectangle":{"singleTextureOpacity":1,"textXHeight":0.5537109375,"textBaseline":0.85141138427326934,"isBackgroundTexture":true,"isVerticalText":false,"textColor":[0.19607843458652496,0.094117648899555206,0.41960784792900085,1],"textureType":6},"initialState":{"affineTransform":[1,0,0,1,0,0],"masksToBounds":false,"rotation":0,"scale":1,"position":{"pointX":11.19263782428294,"pointY":19.085176713478688},"width":9,"sublayerTransform":[1,0,0,0,0,1,0,0,0,0,1,0,0,0,0,1],"contentsRect":{"y":0,"x":0,"width":1,"height":1},"opacity":1,"edgeAntialiasingMask":0,"height":17,"hidden":false,"anchorPoint":{"pointX":0.5,"pointY":0.5}},"texture":"A9078D25A23289B3F6FCB3DDB066D170"}]}]},{"animations":[],"initialState":{"affineTransform":[1,0,0,1,0,0],"masksToBounds":false,"rotation":0,"scale":1,"position":{"pointX":360,"pointY":202.5},"width":720,"sublayerTransform":[1,0,0,0,0,1,0,0,0,0,1,0,0,0,0,1],"contentsRect":{"y":0,"x":0,"width":1,"height":1},"opacity":1,"edgeAntialiasingMask":251658240,"height":405,"hidden":false,"anchorPoint":{"pointX":0.5,"pointY":0.5}},"layers":[{"animations":[],"initialState":{"affineTransform":[1,0,0,1,0,0],"masksToBounds":false,"rotation":0,"scale":1,"position":{"pointX":131.79527018389365,"pointY":290.86520337022137},"width":74,"sublayerTransform":[1,0,0,0,0,1,0,0,0,0,1,0,0,0,0,1],"contentsRect":{"y":0,"x":0,"width":1,"height":1},"opacity":1,"edgeAntialiasingMask":251658240,"height":15,"hidden":false,"anchorPoint":{"pointX":0.5,"pointY":0.5}},"layers":[{"animations":[],"layers":[],"texturedRectangle":{"singleTextureOpacity":1,"textXHeight":0.48808593750000001,"textBaseline":0.82295303275637555,"isBackgroundTexture":true,"isVerticalText":false,"textColor":[0.19607843458652496,0.094117648899555206,0.41960784792900085,1],"textureType":6},"initialState":{"affineTransform":[1,0,0,1,0,0],"masksToBounds":false,"rotation":0,"scale":1,"position":{"pointX":43.204729816106351,"pointY":16.134796629778634},"width":74,"sublayerTransform":[1,0,0,0,0,1,0,0,0,0,1,0,0,0,0,1],"contentsRect":{"y":0,"x":0,"width":1,"height":1},"opacity":1,"edgeAntialiasingMask":0,"height":15,"hidden":false,"anchorPoint":{"pointX":0.5,"pointY":0.5}},"texture":"55BF54004DF0202266173DC903EAB6DF"}]}]},{"animations":[],"initialState":{"affineTransform":[1,0,0,1,0,0],"masksToBounds":false,"rotation":0,"scale":1,"position":{"pointX":360,"pointY":202.5},"width":720,"sublayerTransform":[1,0,0,0,0,1,0,0,0,0,1,0,0,0,0,1],"contentsRect":{"y":0,"x":0,"width":1,"height":1},"opacity":1,"edgeAntialiasingMask":251658240,"height":405,"hidden":false,"anchorPoint":{"pointX":0.5,"pointY":0.5}},"layers":[{"animations":[],"initialState":{"affineTransform":[1,0,0,1,0,0],"masksToBounds":false,"rotation":0,"scale":1,"position":{"pointX":107.19094524233357,"pointY":314.13488723724845},"width":22,"sublayerTransform":[1,0,0,0,0,1,0,0,0,0,1,0,0,0,0,1],"contentsRect":{"y":0,"x":0,"width":1,"height":1},"opacity":1,"edgeAntialiasingMask":251658240,"height":17,"hidden":false,"anchorPoint":{"pointX":0.5,"pointY":0.5}},"layers":[{"animations":[],"layers":[],"texturedRectangle":{"singleTextureOpacity":1,"textXHeight":0.5537109375,"textBaseline":0.86435632255133632,"isBackgroundTexture":true,"isVerticalText":false,"textColor":[0.19607843458652496,0.094117648899555206,0.41960784792900085,1],"textureType":6},"initialState":{"affineTransform":[1,0,0,1,0,0],"masksToBounds":false,"rotation":0,"scale":1,"position":{"pointX":17.809054757666431,"pointY":18.865112762751551},"width":22,"sublayerTransform":[1,0,0,0,0,1,0,0,0,0,1,0,0,0,0,1],"contentsRect":{"y":0,"x":0,"width":1,"height":1},"opacity":1,"edgeAntialiasingMask":0,"height":17,"hidden":false,"anchorPoint":{"pointX":0.5,"pointY":0.5}},"texture":"5842EAD3226722F08D4F4C857933BFE9"}]}]},{"animations":[],"initialState":{"affineTransform":[1,0,0,1,0,0],"masksToBounds":false,"rotation":0,"scale":1,"position":{"pointX":360,"pointY":202.5},"width":720,"sublayerTransform":[1,0,0,0,0,1,0,0,0,0,1,0,0,0,0,1],"contentsRect":{"y":0,"x":0,"width":1,"height":1},"opacity":1,"edgeAntialiasingMask":251658240,"height":405,"hidden":false,"anchorPoint":{"pointX":0.5,"pointY":0.5}},"layers":[{"animations":[],"initialState":{"affineTransform":[1,0,0,1,0,0],"masksToBounds":false,"rotation":0,"scale":1,"position":{"pointX":490.37147431861683,"pointY":170.37960266503757},"width":106,"sublayerTransform":[1,0,0,0,0,1,0,0,0,0,1,0,0,0,0,1],"contentsRect":{"y":0,"x":0,"width":1,"height":1},"opacity":1,"edgeAntialiasingMask":251658240,"height":15,"hidden":false,"anchorPoint":{"pointX":0.5,"pointY":0.5}},"layers":[{"animations":[],"layers":[],"texturedRectangle":{"singleTextureOpacity":1,"textXHeight":0.48808593750000001,"textBaseline":0.85724631907745563,"isBackgroundTexture":true,"isVerticalText":false,"textColor":[0.19607843458652496,0.094117648899555206,0.41960784792900085,1],"textureType":6},"initialState":{"affineTransform":[1,0,0,1,0,0],"masksToBounds":false,"rotation":0,"scale":1,"position":{"pointX":127.62852568138317,"pointY":15.620397334962433},"width":106,"sublayerTransform":[1,0,0,0,0,1,0,0,0,0,1,0,0,0,0,1],"contentsRect":{"y":0,"x":0,"width":1,"height":1},"opacity":1,"edgeAntialiasingMask":0,"height":15,"hidden":false,"anchorPoint":{"pointX":0.5,"pointY":0.5}},"texture":"B621B229EEDAE912BA9E59E043BCDD47"}]}]},{"animations":[],"initialState":{"affineTransform":[1,0,0,1,0,0],"masksToBounds":false,"rotation":0,"scale":1,"position":{"pointX":360,"pointY":202.5},"width":720,"sublayerTransform":[1,0,0,0,0,1,0,0,0,0,1,0,0,0,0,1],"contentsRect":{"y":0,"x":0,"width":1,"height":1},"opacity":1,"edgeAntialiasingMask":251658240,"height":405,"hidden":false,"anchorPoint":{"pointX":0.5,"pointY":0.5}},"layers":[{"animations":[],"initialState":{"affineTransform":[1,0,0,1,0,0],"masksToBounds":false,"rotation":0,"scale":1,"position":{"pointX":481.91448650209918,"pointY":205.74464387968769},"width":13,"sublayerTransform":[1,0,0,0,0,1,0,0,0,0,1,0,0,0,0,1],"contentsRect":{"y":0,"x":0,"width":1,"height":1},"opacity":1,"edgeAntialiasingMask":251658240,"height":17,"hidden":false,"anchorPoint":{"pointX":0.5,"pointY":0.5}},"layers":[{"animations":[],"layers":[],"texturedRectangle":{"singleTextureOpacity":1,"textXHeight":0.5537109375,"textBaseline":0.84140083093011497,"isBackgroundTexture":true,"isVerticalText":false,"textColor":[0.19607843458652496,0.094117648899555206,0.41960784792900085,1],"textureType":6},"initialState":{"affineTransform":[1,0,0,1,0,0],"masksToBounds":false,"rotation":0,"scale":1,"position":{"pointX":136.08551349790082,"pointY":19.255356120312314},"width":13,"sublayerTransform":[1,0,0,0,0,1,0,0,0,0,1,0,0,0,0,1],"contentsRect":{"y":0,"x":0,"width":1,"height":1},"opacity":1,"edgeAntialiasingMask":0,"height":17,"hidden":false,"anchorPoint":{"pointX":0.5,"pointY":0.5}},"texture":"E454F1E48A441F1EA98C157DDCCA8FFC"}]}]},{"animations":[],"initialState":{"affineTransform":[1,0,0,1,0,0],"masksToBounds":false,"rotation":0,"scale":1,"position":{"pointX":360,"pointY":202.5},"width":720,"sublayerTransform":[1,0,0,0,0,1,0,0,0,0,1,0,0,0,0,1],"contentsRect":{"y":0,"x":0,"width":1,"height":1},"opacity":1,"edgeAntialiasingMask":251658240,"height":405,"hidden":false,"anchorPoint":{"pointX":0.5,"pointY":0.5}},"layers":[{"animations":[],"initialState":{"affineTransform":[1,0,0,1,0,0],"masksToBounds":false,"rotation":0,"scale":1,"position":{"pointX":522.08880525123413,"pointY":242.14173840440105},"width":101,"sublayerTransform":[1,0,0,0,0,1,0,0,0,0,1,0,0,0,0,1],"contentsRect":{"y":0,"x":0,"width":1,"height":1},"opacity":1,"edgeAntialiasingMask":251658240,"height":15,"hidden":false,"anchorPoint":{"pointX":0.5,"pointY":0.5}},"layers":[{"animations":[],"layers":[],"texturedRectangle":{"singleTextureOpacity":1,"textXHeight":0.48808593750000001,"textBaseline":0.841388701701688,"isBackgroundTexture":true,"isVerticalText":false,"textColor":[0.19607843458652496,0.094117648899555206,0.41960784792900085,1],"textureType":6},"initialState":{"affineTransform":[1,0,0,1,0,0],"masksToBounds":false,"rotation":0,"scale":1,"position":{"pointX":95.911194748765865,"pointY":15.858261595598947},"width":101,"sublayerTransform":[1,0,0,0,0,1,0,0,0,0,1,0,0,0,0,1],"contentsRect":{"y":0,"x":0,"width":1,"height":1},"opacity":1,"edgeAntialiasingMask":0,"height":15,"hidden":false,"anchorPoint":{"pointX":0.5,"pointY":0.5}},"texture":"5D7104774BA062815D57694808EFE559"}]}]},{"animations":[],"initialState":{"affineTransform":[1,0,0,1,0,0],"masksToBounds":false,"rotation":0,"scale":1,"position":{"pointX":360,"pointY":202.5},"width":720,"sublayerTransform":[1,0,0,0,0,1,0,0,0,0,1,0,0,0,0,1],"contentsRect":{"y":0,"x":0,"width":1,"height":1},"opacity":1,"edgeAntialiasingMask":251658240,"height":405,"hidden":false,"anchorPoint":{"pointX":0.5,"pointY":0.5}},"layers":[{"animations":[],"initialState":{"affineTransform":[1,0,0,1,0,0],"masksToBounds":false,"rotation":0,"scale":1,"position":{"pointX":481.91448650209918,"pointY":263.89764393783929},"width":13,"sublayerTransform":[1,0,0,0,0,1,0,0,0,0,1,0,0,0,0,1],"contentsRect":{"y":0,"x":0,"width":1,"height":1},"opacity":1,"edgeAntialiasingMask":251658240,"height":17,"hidden":false,"anchorPoint":{"pointX":0.5,"pointY":0.5}},"layers":[{"animations":[],"layers":[],"texturedRectangle":{"singleTextureOpacity":1,"textXHeight":0.5537109375,"textBaseline":0.85040083435079761,"isBackgroundTexture":true,"isVerticalText":false,"textColor":[0.19607843458652496,0.094117648899555206,0.41960784792900085,1],"textureType":6},"initialState":{"affineTransform":[1,0,0,1,0,0],"masksToBounds":false,"rotation":0,"scale":1,"position":{"pointX":136.08551349790082,"pointY":19.102356062160709},"width":13,"sublayerTransform":[1,0,0,0,0,1,0,0,0,0,1,0,0,0,0,1],"contentsRect":{"y":0,"x":0,"width":1,"height":1},"opacity":1,"edgeAntialiasingMask":0,"height":17,"hidden":false,"anchorPoint":{"pointX":0.5,"pointY":0.5}},"texture":"81D54F29EC4D3551F83A34E2D05FFF7A"}]}]},{"animations":[],"initialState":{"affineTransform":[1,0,0,1,0,0],"masksToBounds":false,"rotation":0,"scale":1,"position":{"pointX":360,"pointY":202.5},"width":720,"sublayerTransform":[1,0,0,0,0,1,0,0,0,0,1,0,0,0,0,1],"contentsRect":{"y":0,"x":0,"width":1,"height":1},"opacity":1,"edgeAntialiasingMask":251658240,"height":405,"hidden":false,"anchorPoint":{"pointX":0.5,"pointY":0.5}},"layers":[{"animations":[],"initialState":{"affineTransform":[1,0,0,1,0,0],"masksToBounds":false,"rotation":0,"scale":1,"position":{"pointX":569.08859427144216,"pointY":362.36071744303064},"width":195,"sublayerTransform":[1,0,0,0,0,1,0,0,0,0,1,0,0,0,0,1],"contentsRect":{"y":0,"x":0,"width":1,"height":1},"opacity":1,"edgeAntialiasingMask":251658240,"height":25,"hidden":false,"anchorPoint":{"pointX":0.5,"pointY":0.5}},"layers":[{"animations":[],"layers":[],"texturedRectangle":{"singleTextureOpacity":1,"textXHeight":0,"shapePath":{"lineWidth":1,"flatness":0.59999999999999998,"lineCapStyle":0,"elements":[{"type":"MoveToPoint","points":[[1.5885942714421617,1.8607174430306372]]},{"type":"AddLine","points":[[193.89567740132497,1.8607174430306372]]},{"type":"AddLine","points":[[193.89567740132497,23.474891332190793]]},{"type":"AddLine","points":[[1.5885942714421617,23.474891332190793]]},{"type":"CloseSubpath"},{"type":"MoveToPoint","points":[[1.5885942714421617,1.8607174430306372]]}],"windingRule":0,"lineJoinStyle":0,"miterLimit":10},"isBackgroundTexture":true,"textBaseline":0,"isVerticalText":false,"textureType":5},"initialState":{"affineTransform":[1,0,0,1,0,0],"masksToBounds":false,"rotation":0,"scale":1,"position":{"pointX":95.911405728557838,"pointY":10.639282556969363},"width":195,"sublayerTransform":[1,0,0,0,0,1,0,0,0,0,1,0,0,0,0,1],"contentsRect":{"y":0,"x":0,"width":1,"height":1},"opacity":1,"edgeAntialiasingMask":0,"height":25,"hidden":false,"anchorPoint":{"pointX":0.5,"pointY":0.5}},"texture":"E2E65603E368843FDC832F10556567F4"}]}]},{"animations":[],"initialState":{"affineTransform":[1,0,0,1,0,0],"masksToBounds":false,"rotation":0,"scale":1,"position":{"pointX":360,"pointY":202.5},"width":720,"sublayerTransform":[1,0,0,0,0,1,0,0,0,0,1,0,0,0,0,1],"contentsRect":{"y":0,"x":0,"width":1,"height":1},"opacity":1,"edgeAntialiasingMask":251658240,"height":405,"hidden":false,"anchorPoint":{"pointX":0.5,"pointY":0.5}},"layers":[{"animations":[],"initialState":{"affineTransform":[1,0,0,1,0,0],"masksToBounds":false,"rotation":0,"scale":1,"position":{"pointX":557.08858952559819,"pointY":362.07678226786334},"width":171,"sublayerTransform":[1,0,0,0,0,1,0,0,0,0,1,0,0,0,0,1],"contentsRect":{"y":0,"x":0,"width":1,"height":1},"opacity":1,"edgeAntialiasingMask":251658240,"height":14,"hidden":false,"anchorPoint":{"pointX":0.5,"pointY":0.5}},"objectID":"D9966529-A5F9-46AF-AC49-0227835954E0","layers":[{"animations":[],"layers":[],"texturedRectangle":{"singleTextureOpacity":1,"textXHeight":0,"shapePath":{"lineWidth":1,"flatness":0.59999999999999998,"lineCapStyle":0,"elements":[{"type":"MoveToPoint","points":[[1.588589525598195,1.0767822678633365]]},{"type":"AddLine","points":[[169.99017033614507,1.0767822678633365]]},{"type":"AddLine","points":[[169.99017033614507,12.250010531718317]]},{"type":"AddLine","points":[[1.588589525598195,12.250010531718317]]},{"type":"CloseSubpath"},{"type":"MoveToPoint","points":[[1.588589525598195,1.0767822678633365]]}],"windingRule":0,"lineJoinStyle":0,"miterLimit":10},"isBackgroundTexture":true,"textBaseline":0,"isVerticalText":false,"textureType":5},"initialState":{"affineTransform":[1,0,0,1,0,0],"masksToBounds":false,"rotation":0,"scale":1,"position":{"pointX":83.911410474401805,"pointY":5.9232177321366635},"width":171,"sublayerTransform":[1,0,0,0,0,1,0,0,0,0,1,0,0,0,0,1],"contentsRect":{"y":0,"x":0,"width":1,"height":1},"opacity":1,"edgeAntialiasingMask":0,"height":14,"hidden":true,"anchorPoint":{"pointX":0.5,"pointY":0.5}},"texture":"1549854A06A620FF6EA11D905998BAF4"}]}]},{"animations":[],"initialState":{"affineTransform":[1,0,0,1,0,0],"masksToBounds":false,"rotation":0,"scale":1,"position":{"pointX":360,"pointY":202.5},"width":720,"sublayerTransform":[1,0,0,0,0,1,0,0,0,0,1,0,0,0,0,1],"contentsRect":{"y":0,"x":0,"width":1,"height":1},"opacity":1,"edgeAntialiasingMask":251658240,"height":405,"hidden":false,"anchorPoint":{"pointX":0.5,"pointY":0.5}},"layers":[{"animations":[],"initialState":{"affineTransform":[1,0,0,1,0,0],"masksToBounds":false,"rotation":0,"scale":1,"position":{"pointX":545.31298996332123,"pointY":318.17931386610439},"width":189,"sublayerTransform":[1,0,0,0,0,1,0,0,0,0,1,0,0,0,0,1],"contentsRect":{"y":0,"x":0,"width":1,"height":1},"opacity":1,"edgeAntialiasingMask":251658240,"height":19,"hidden":false,"anchorPoint":{"pointX":0.5,"pointY":0.5}},"objectID":"136BF6A0-3692-4231-B3D3-0C3BE3B1E1AA","layers":[{"animations":[],"layers":[],"texturedRectangle":{"singleTextureOpacity":1,"textXHeight":0.378,"textBaseline":0.72727508125627827,"isBackgroundTexture":true,"isVerticalText":false,"textColor":[0.19607843458652496,0.094117648899555206,0.41960784792900085,1],"textureType":6},"initialState":{"affineTransform":[1,0,0,1,0,0],"masksToBounds":false,"rotation":0,"scale":1,"position":{"pointX":121.68701003667877,"pointY":21.820686133895606},"width":189,"sublayerTransform":[1,0,0,0,0,1,0,0,0,0,1,0,0,0,0,1],"contentsRect":{"y":0,"x":0,"width":1,"height":1},"opacity":1,"edgeAntialiasingMask":0,"height":19,"hidden":true,"anchorPoint":{"pointX":0.5,"pointY":0.5}},"texture":"DA80EBC5102821607B402E2C6A23C778"}]}]}]}},{"effects":[{"beginTime":0,"baseLayer":{"animations":[],"initialState":{"affineTransform":[1,0,0,1,0,0],"masksToBounds":false,"rotation":0,"scale":1,"position":{"pointX":360,"pointY":202.5},"width":720,"sublayerTransform":[1,0,0,0,0,1,0,0,0,0,1,0,0,0,0,1],"contentsRect":{"y":0,"x":0,"width":1,"height":1},"opacity":1,"edgeAntialiasingMask":251658240,"height":405,"hidden":false,"anchorPoint":{"pointX":0.5,"pointY":0.5}},"objectID":"0","layers":[{"animations":[],"initialState":{"affineTransform":[1,0,0,1,0,0],"masksToBounds":false,"rotation":0,"scale":1,"position":{"pointX":360,"pointY":202.5},"width":720,"sublayerTransform":[1,0,0,0,0,1,0,0,0,0,1,-0.00093354433244735948,0,0,0,1],"contentsRect":{"y":0,"x":0,"width":1,"height":1},"opacity":1,"edgeAntialiasingMask":251658240,"height":405,"hidden":false,"anchorPoint":{"pointX":0.5,"pointY":0.5}},"layers":[{"animations":[],"layers":[],"texturedRectangle":{"isBackgroundTexture":false,"singleTextureOpacity":1,"textureType":0,"textBaseline":0,"textXHeight":0,"isVerticalText":false},"initialState":{"affineTransform":[1,0,0,1,0,0],"masksToBounds":false,"rotation":0,"scale":1,"position":{"pointX":360,"pointY":202.5},"width":720,"sublayerTransform":[1,0,0,0,0,1,0,0,0,0,1,0,0,0,0,1],"contentsRect":{"y":0,"x":0,"width":1,"height":1},"opacity":1,"edgeAntialiasingMask":0,"height":405,"hidden":false,"anchorPoint":{"pointX":0.5,"pointY":0.5}},"texture":"967D3C3D0A0D1DE3663D180214CCE85C"},{"animations":[{"timeOffset":0,"from":{"scalar":false},"beginTime":0,"repeatCount":0,"fillMode":"both","property":"hidden","autoreverses":false,"duration":0.01,"to":{"scalar":true}}],"layers":[],"texturedRectangle":{"isBackgroundTexture":false,"singleTextureOpacity":1,"textureType":0,"textBaseline":0,"textXHeight":0,"isVerticalText":false},"initialState":{"affineTransform":[1,0,0,1,0,0],"masksToBounds":false,"rotation":0,"scale":1,"position":{"pointX":360,"pointY":202.5},"width":720,"sublayerTransform":[1,0,0,0,0,1,0,0,0,0,1,0,0,0,0,1],"contentsRect":{"y":0,"x":0,"width":1,"height":1},"opacity":1,"edgeAntialiasingMask":0,"height":405,"hidden":false,"anchorPoint":{"pointX":0.5,"pointY":0.5}},"texture":"5AF76199F3C0A8AA2202A176FC9DE681"}]}]},"effects":[],"duration":0.01,"type":"transition","attributes":{"direction":0},"name":"none","objectID":"0"}],"automaticPlay":false,"hyperlinks":[],"accessibility":[{"text":"3","targetRectangle":{"y":262.59646262146356,"x":606.59863290636554,"width":10.0107421875,"height":25.299999475479126}},{"text":"5","targetRectangle":{"y":204.44346256331195,"x":606.59863290636554,"width":10.0107421875,"height":25.299999475479126}},{"text":"10","targetRectangle":{"y":312.83370592087272,"x":103.38976392595784,"width":20.021484375,"height":25.299999475479126}},{"text":"97.983%  to be malignant !!","targetRectangle":{"y":315.87813254972866,"x":479.68827182367278,"width":186.70771875000008,"height":22.58001708984375}},{"text":"4.3 A Case of Prediction","targetRectangle":{"y":41.320865176794086,"x":216.68116395965379,"width":286.6376953125,"height":30}},{"text":"Clump Thickness","targetRectangle":{"y":151.69015922759493,"x":102.74408827583839,"width":96.407226562499986,"height":16}},{"text":"Bland Chromatin","targetRectangle":{"y":170.07842134866183,"x":512.98051696311757,"width":104.275390625,"height":17}},{"text":"10","targetRectangle":{"y":180.28054429977902,"x":102.74408826677815,"width":20.021484375,"height":25.299999475479126}},{"text":"Maginal Adhesion","targetRectangle":{"y":225.04526900208785,"x":103.38976897217162,"width":110.5302734375,"height":17}},{"text":"Normal Nucleoli","targetRectangle":{"y":241.84055708802532,"x":517.80382018577393,"width":98.806640625,"height":17}},{"text":"1","targetRectangle":{"y":253.61364197014558,"x":108.50618085934131,"width":10.0107421875,"height":25.299999475479126}},{"text":"Bare Nuclei","targetRectangle":{"y":290.56402205384563,"x":101.99408886751792,"width":72.365234375,"height":17}}],"baseLayer":{"animations":[],"initialState":{"affineTransform":[1,0,0,1,0,0],"masksToBounds":false,"rotation":0,"scale":1,"position":{"pointX":360,"pointY":202.5},"width":720,"sublayerTransform":[1,0,0,0,0,1,0,0,0,0,1,0,0,0,0,1],"contentsRect":{"y":0,"x":0,"width":1,"height":1},"opacity":1,"edgeAntialiasingMask":251658240,"height":405,"hidden":false,"anchorPoint":{"pointX":0.5,"pointY":0.5}},"objectID":"0","layers":[{"animations":[],"initialState":{"affineTransform":[1,0,0,1,0,0],"masksToBounds":false,"rotation":0,"scale":1,"position":{"pointX":360,"pointY":202.5},"width":720,"sublayerTransform":[1,0,0,0,0,1,0,0,0,0,1,-0.00093354433244735948,0,0,0,1],"contentsRect":{"y":0,"x":0,"width":1,"height":1},"opacity":1,"edgeAntialiasingMask":251658240,"height":405,"hidden":false,"anchorPoint":{"pointX":0.5,"pointY":0.5}},"layers":[{"animations":[],"layers":[],"texturedRectangle":{"isBackgroundTexture":false,"singleTextureOpacity":1,"textureType":0,"textBaseline":0,"textXHeight":0,"isVerticalText":false},"initialState":{"affineTransform":[1,0,0,1,0,0],"masksToBounds":false,"rotation":0,"scale":1,"position":{"pointX":360,"pointY":202.5},"width":720,"sublayerTransform":[1,0,0,0,0,1,0,0,0,0,1,0,0,0,0,1],"contentsRect":{"y":0,"x":0,"width":1,"height":1},"opacity":1,"edgeAntialiasingMask":0,"height":405,"hidden":false,"anchorPoint":{"pointX":0.5,"pointY":0.5}},"texture":"5AF76199F3C0A8AA2202A176FC9DE681"}]}]}}]}